recipe,P001,P002,P003,P004,P005,P006,P007,P008,P009,P010,P011,P012,P013,P014,P015,P016,P017,P018,P019,P020,P021,P022,P023,P024,P025,P026,P027,P028,P029,P030,P031,P032,P033,P034,P035,P036,P037,P038,P039,P040,P041,F001,F002,F003,F004,F005,F006,F007,F008,F009,F010,F011,F012,F013,F014,F015,F016,F017,F018,R001,R002,R003,R004,R005,R006,R007,R008,R009,R010,R011,R012,R013,R014,R015,R016,R017,R018,R019,R020,R021,R022,OTH1,OTH2,OTH3,OTH4,OTH5,OTH6,OTH7,OTH8,OTH9,code,FS,MI,SG
1,0,0,0,0,0,0,0,0,0,0,0,0,0,0,0,0,0,0,0,0,0,0,0,0,0,0,0,0,0,64.78,0,0,0,0,0,0,0,0,0,0,0,0,0,0,0,0,0,0,0,0,0,0,0,0,0,0,1.98,7.91,0,0,0,0,0,0,0,0,0,0,2.97,21.27,0,0,0,0,0,0,0,0,0,0,0,0.99,0,0.1,0,0,0,0,0,0,FFFFFFFFFFFFFFFFFFFFFFFFFFFFFTFFFFFFFFFFFFFFFFFFFFFFFFFFTTFFFFFFFFFFTTFFFFFFFFFFFTFTFFFFFF,30.8,14.8,0.947
2,0,0,0,0,0,23.48,0,0,0,0,0,0,0,0,0,0,0,0,0,0,0,0,0,0,0,0,0,0,0,0,0,0,0,0,0,0,0,0,0,0,0,0,14.68,0,0,0,0,0,0,0,0,0,0,0,0,0,0,0,0,0,0,51.86,0,0,0,0,0,0,0,0,0,0,0,0,0,0,0,0,0,0,0,1.96,0,0,3.91,0,0.2,0,3.91,0,FFFFFTFFFFFFFFFFFFFFFFFFFFFFFFFFFFFFFFFFFFTFFFFFFFFFFFFFFFFFFTFFFFFFFFFFFFFFFFFFFTFFTFTFTF,2.1,,0.996
3,0,0,0,0,0,0,0,0,0,0,0,0,0,29.52,0,0,0,0,0,0,0,0,0,0,0,0,0,0,0,50.48,0,0,0,0,0,0,0,0,0,0,0,0,0,0,0,0,0,0,0,0,0,0,0,0,0,0,7.62,0,0,0,0,0,0,0,0,0,0,0,1.9,0,0,0,0,0,0,5.71,0,0,0,0,0,2.86,0,0,0,0,0,1.9,0,0,FFFFFFFFFFFFFTFFFFFFFFFFFFFFFTFFFFFFFFFFFFFFFFFFFFFFFFFFTFFFFFFFFFFFTFFFFFFTFFFFFTFFFFFTFF,31,26.36,0.943
4,0,0,0,0,0,0,0,0,0,0,0,0,0,28.57,0,0,0,0,0,0,0,0,0,0,0,0,0,0,0,52.38,0,0,0,0,0,0,0,0,0,0,0,0,0,0,0,0,0,0,0,7.62,0,0,0,0,0,0,0,0,0,0,0,0,0,0,0,0,0,0,1.9,0,0,0,0,0,0,4.76,0,0,0,0,0,2.86,0,0,0,0,0,1.9,0,0,FFFFFFFFFFFFFTFFFFFFFFFFFFFFFTFFFFFFFFFFFFFFFFFFFTFFFFFFFFFFFFFFFFFFTFFFFFFTFFFFFTFFFFFTFF,31.6,27,0.944
5,0,0,0,0,0,0,0,0,0,0,0,0,0,0,0,0,0,0,0,0,0,0,0,17.65,0,0,0,0,0,0,0,0,0,0,0,0,0,0,0,0,0,0,0,4.9,0,0,0,0,0,0,0,0,0,0,0,0,0,0,0,0,24.51,14.71,0,29.41,0,6.86,0,0,0,0,0,0,0,0,0,0,0,0,0,0,0,0,0,0,0,0,0,0,1.96,0,FFFFFFFFFFFFFFFFFFFFFFFTFFFFFFFFFFFFFFFFFFFTFFFFFFFFFFFFFFFFTTFTFTFFFFFFFFFFFFFFFFFFFFFFTF,1.9,9.43,0.93
6,0,0,85,0,0,0,0,0,0,0,0,0,0,0,0,0,0,0,0,0,0,0,0,0,0,0,0,0,0,0,0,0,0,0,0,0,0,0,0,0,0,0,0,0,0,0,0,0,0,0,0,15,0,0,0,0,0,0,0,0,0,0,0,0,0,0,0,0,0,0,0,0,0,0,0,0,0,0,0,0,0,0,0,0,0,0,0,0,0,0,FFTFFFFFFFFFFFFFFFFFFFFFFFFFFFFFFFFFFFFFFFFFFFFFFFFTFFFFFFFFFFFFFFFFFFFFFFFFFFFFFFFFFFFFFF,53.4,26.3,1.007
7,0,0,0,0,0,9.803921569,0,58.82352941,0,0,0,0,0,0,0,0,0,0,0,0,0,0,0,0,0,0,0,0,0,0,0,0,0,0,0,0,0,0,0,0,0,0,0,0,0,0,0,29.41176471,0,0,0,0,0,0,0,0,0,0,0,0,0,0,0,0,0,0,0,0,0,0,0,0,0,0,0,0,0,0,0,0,0,1.960784314,0,0,0,0,0,0,0,0,FFFFFTFTFFFFFFFFFFFFFFFFFFFFFFFFFFFFFFFFFFFFFFFTFFFFFFFFFFFFFFFFFFFFFFFFFFFFFFFFFTFFFFFFFF,43.5,20.7,1.118
8,0,0,0,0,0,19.60784314,0,58.82352941,0,0,0,0,0,0,0,0,0,0,0,0,0,0,0,0,0,0,0,0,0,0,0,0,0,0,0,0,0,0,0,0,0,0,0,0,0,0,0,19.60784314,0,0,0,0,0,0,0,0,0,0,0,0,0,0,0,0,0,0,0,0,0,0,0,0,0,0,0,0,0,0,0,0,0,1.960784314,0,0,0,0,0,0,0,0,FFFFFTFTFFFFFFFFFFFFFFFFFFFFFFFFFFFFFFFFFFFFFFFTFFFFFFFFFFFFFFFFFFFFFFFFFFFFFFFFFTFFFFFFFF,41.4,18.9,1.032
9,0,0,0,0,0,14.70588235,0,58.82352941,0,0,0,0,0,0,0,0,0,0,0,0,0,0,0,0,0,0,0,0,0,0,0,0,0,0,0,0,0,0,0,0,0,0,0,0,0,0,0,24.50980392,0,0,0,0,0,0,0,0,0,0,0,0,0,0,0,0,0,0,0,0,0,0,0,0,0,0,0,0,0,0,0,0,0,1.960784314,0,0,0,0,0,0,0,0,FFFFFTFTFFFFFFFFFFFFFFFFFFFFFFFFFFFFFFFFFFFFFFFTFFFFFFFFFFFFFFFFFFFFFFFFFFFFFFFFFTFFFFFFFF,43.1,21.7,1.077
10,0,0,0,0,0,0,0,0,0,0,0,0,0,0,0,0,0,0,0,0,0,0,0,0,0,0,0,0,0,0,0,0,0,0,0,55.88235294,0,0,0,0,0,0,0,0,39.21568627,0,0,0,0,0,0,0,0,0,0,0,0,0,0,0,0,0,0,0,0,0,0,0,0,0,0,0,0,0,0,0,0,0,0,0,0,1.960784314,0,0,0,2.941176471,0,0,0,0,FFFFFFFFFFFFFFFFFFFFFFFFFFFFFFFFFFFTFFFFFFFFTFFFFFFFFFFFFFFFFFFFFFFFFFFFFFFFFFFFFTFFFTFFFF,150.2,25.3,1.219
11,0,0,58.82352941,0,0,0,0,19.60784314,0,0,0,0,0,0,0,0,0,0,0,0,0,0,0,0,0,0,0,0,0,0,0,0,0,0,0,0,0,0,0,0,0,0,0,0,0,0,0,0,0,0,0,0,19.60784314,0,0,0,0,0,0,0,0,0,0,0,0,0,0,0,0,0,0,0,0,0,0,0,0,0,0,0,0,1.960784314,0,0,0,0,0,0,0,0,FFTFFFFTFFFFFFFFFFFFFFFFFFFFFFFFFFFFFFFFFFFFFFFFFFFFTFFFFFFFFFFFFFFFFFFFFFFFFFFFFTFFFFFFFF,49.1,24,1.037
12,0,0,78.43137255,0,0,0,0,0,0,0,0,0,0,0,0,0,0,0,0,0,0,0,0,0,0,0,0,0,0,0,0,0,0,0,0,0,0,0,0,0,0,0,0,0,0,0,0,0,0,0,0,0,19.60784314,0,0,0,0,0,0,0,0,0,0,0,0,0,0,0,0,0,0,0,0,0,0,0,0,0,0,0,0,1.960784314,0,0,0,0,0,0,0,0,FFTFFFFFFFFFFFFFFFFFFFFFFFFFFFFFFFFFFFFFFFFFFFFFFFFFTFFFFFFFFFFFFFFFFFFFFFFFFFFFFTFFFFFFFF,52.8,22.5,1.036
13,0,0,0,0,0,0,0,0,0,0,0,38.83495146,0,0,0,0,0,0,0,0,0,0,0,0,0,0,0,0,19.41747573,0,0,0,0,0,0,0,0,0,7.766990291,0,0,0,0,0,0,0,0,20.38834951,0,0,0,0,0,0,0,0,0,0,0,0,0,0,0,0,0,0,0,0,0,0,0,0,0,0,0,10.67961165,0,0,0,0,0,2.912621359,0,0,0,0,0,0,0,0,FFFFFFFFFFFTFFFFFFFFFFFFFFFFTFFFFFFFFFTFFFFFFFFTFFFFFFFFFFFFFFFFFFFFFFFFFFFTFFFFFTFFFFFFFF,32.8,15.4,1.032
14,0,0,0,0,0,0,0,0,0,0,0,38.83495146,0,0,0,0,0,0,0,0,0,0,0,0,0,0,0,0,19.41747573,0,0,0,0,0,0,0,0,0,7.766990291,0,0,0,0,0,0,0,0,20.38834951,0,0,0,0,0,0,0,0,0,0,0,0,0,0,0,0,0,0,0,0,0,0,0,0,0,0,0,10.67961165,0,0,0,0,0,2.912621359,0,0,0,0,0,0,0,0,FFFFFFFFFFFTFFFFFFFFFFFFFFFFTFFFFFFFFFTFFFFFFFFTFFFFFFFFFFFFFFFFFFFFFFFFFFFTFFFFFTFFFFFFFF,34,14.5,1.041
15,0,0,0,0,0,0,0,0,0,0,0,38.83495146,0,0,0,0,0,0,0,0,0,0,0,0,0,0,0,0,19.41747573,0,0,0,0,0,0,0,0,0,7.766990291,0,0,0,0,0,0,0,0,20.38834951,0,0,0,0,0,0,0,0,0,0,0,0,0,0,0,0,0,0,0,0,0,0,0,0,0,0,0,10.67961165,0,0,0,0,0,2.912621359,0,0,0,0,0,0,0,0,FFFFFFFFFFFTFFFFFFFFFFFFFFFFTFFFFFFFFFTFFFFFFFFTFFFFFFFFFFFFFFFFFFFFFFFFFFFTFFFFFTFFFFFFFF,34.8,,1.045
16,0,0,0,0,0,0,0,0,0,0,0,0,0,0,0,0,0,0,0,0,0,0,0,0,0,0,56.32411067,0,0,0,0,0,0,0,0,0,0,0,0,0,0,0,0,0,39.5256917,0,0,0,0,0,0,0,0,0,0,0,0,0,0,0,0,0,0,0,0,0,0,0,0,0,0,0,0,0,0,0,0,0,0,0,0,0.988142292,0,0,0,2.964426877,0.197628458,0,0,0,FFFFFFFFFFFFFFFFFFFFFFFFFFTFFFFFFFFFFFFFFFFFTFFFFFFFFFFFFFFFFFFFFFFFFFFFFFFFFFFFFTFFFTTFFF,165,,1.216
17,0,0,0,0,0,0,0,0,0,0,0,0,0,0,0,0,0,0,0,0,0,0,0,0,0,0,0,0,4.965243297,60.57596822,0,0,0,0,0,0,0,0,0,0,0,0,0,0,0,0,0,22.84011917,0,0,0,0,0,0,0,0,0,0,0,0,0,0,0,0,0,0,0,0,0,0,0,10.92353525,0,0,0,0,0,0,0,0,0,0,0,0,0,0,0,0.695134062,0,0,FFFFFFFFFFFFFFFFFFFFFFFFFFFFTTFFFFFFFFFFFFFFFFFTFFFFFFFFFFFFFFFFFFFFFFFTFFFFFFFFFFFFFFFTFF,39.8,21.9,1.061
18,0,0,0,0,0,0,0,0,0,0,0,0,0,0,0,0,0,0,0,0,0,0,0,0,0,0,0,0,24.82621648,40.71499503,0,0,0,0,0,0,0,0,0,0,0,0,0,0,0,0,0,22.84011917,0,0,0,0,0,0,0,0,0,0,0,0,0,0,0,0,0,0,0,0,0,0,0,0,0,0,0,10.92353525,0,0,0,0,0,0,0,0,0,0,0,0.695134062,0,0,FFFFFFFFFFFFFFFFFFFFFFFFFFFFTTFFFFFFFFFFFFFFFFFTFFFFFFFFFFFFFFFFFFFFFFFFFFFTFFFFFFFFFFFTFF,36.2,21.3,1.045
19,0,0,0,0,0,0,0,0,0,0,17.73399015,0,0,0,0,0,0,0,0,57.14285714,0,0,0,0,0,0,0,0,0,0,0,0,0,0,0,0,0,0,0,0,0,0,0,0,0,0,0,23.6453202,0,0,0,0,0,0,0,0,0,0,0,0,0,0,0,0,0,0,0,0,0,0,0,0,0,0,0,0,0,0,0,0,0,1.477832512,0,0,0,0,0,0,0,0,FFFFFFFFFFTFFFFFFFFTFFFFFFFFFFFFFFFFFFFFFFFFFFFTFFFFFFFFFFFFFFFFFFFFFFFFFFFFFFFFFTFFFFFFFF,30.1,7,1.064
20,0,0,0,0,0,0,0,44.87804878,0,0,0,0,0,0,0,0,0,0,0,44.87804878,0,0,0,0,0,0,0,0,0,0,0,0,0,0,0,0,0,0,0,0,0,0,0,0,0,0,0,0,0,0,0,0,0.975609756,0,0,0,0,0,0,0,0,0,0,0,0,0,0,0,0,0,0,0,0,0,6.829268293,0,0,0,0,0,0,1.463414634,0,0,0,0,0,0.975609756,0,0,FFFFFFFTFFFFFFFFFFFTFFFFFFFFFFFFFFFFFFFFFFFFFFFFFFFFTFFFFFFFFFFFFFFFFFFFFFTFFFFFFTFFFFFTFF,22.6,26.5,0.901
21,0,0,0,0,0,0,0,44.87804878,0,0,0,0,0,44.87804878,0,0,0,0,0,0,0,0,0,0,0,0,0,0,0,0,0,0,0,0,0,0,0,0,0,0,0,0,0,0,0,0,0,0,0,0,0,0,0.975609756,0,0,0,0,0,0,0,0,0,0,0,0,0,0,0,0,0,0,0,0,0,6.829268293,0,0,0,0,0,0,1.463414634,0,0,0,0,0,0.975609756,0,0,FFFFFFFTFFFFFTFFFFFFFFFFFFFFFFFFFFFFFFFFFFFFFFFFFFFFTFFFFFFFFFFFFFFFFFFFFFTFFFFFFTFFFFFTFF,23.5,27.1,0.902
22,0,0,0,0,0,0,0,0,0,0,0,0,0,0,0,0,0,0,23.6453202,0,0,33.49753695,0,0,0,0,0,0,0,0,0,0,0,0,0,0,0,0,0,0,0,0,0,0,0,0,0,24.63054187,0,0,0,0,0,0,0,0,0,0,0,0,0,0,0,0,0,0,0,0,0,0,0,4.926108374,0,0,0,11.8226601,0,0,0,0,0,1.477832512,0,0,0,0,0,0,0,0,FFFFFFFFFFFFFFFFFFTFFTFFFFFFFFFFFFFFFFFFFFFFFFFTFFFFFFFFFFFFFFFFFFFFFFFTFFFTFFFFFTFFFFFFFF,31.6,31.7,1.069
23,0,0,0,0,0,0,0,0,0,0,0,0,0,0,0,0,23.6453202,0,0,0,0,38.42364532,0,0,0,0,0,0,0,0,0,0,0,0,0,0,0,0,0,0,0,0,0,0,0,0,0,0,0,0,0,15.7635468,0,0,0,0,0,0,0,0,0,0,0,0,0,0,0,0,0,0,0,0,0,0,0,20.68965517,0,0,0,0,0,1.477832512,0,0,0,0,0,0,0,0,FFFFFFFFFFFFFFFFTFFFFTFFFFFFFFFFFFFFFFFFFFFFFFFFFFFTFFFFFFFFFFFFFFFFFFFFFFFTFFFFFTFFFFFFFF,30.3,55.7,0.996
24,0,0,0,0,0,0,0,0,0,0,0,0,0,0,0,0,0,0,27,0,0,34,0,0,0,0,0,0,0,0,0,0,0,0,0,0,0,0,0,0,0,0,0,0,0,0,0,25,0,0,0,0,0,0,0,0,0,0,0,0,0,0,0,0,0,0,0,0,0,0,0,0,0,0,0,14,0,0,0,0,0,0,0,0,0,0,0,0,0,0,FFFFFFFFFFFFFFFFFFTFFTFFFFFFFFFFFFFFFFFFFFFFFFFTFFFFFFFFFFFFFFFFFFFFFFFFFFFTFFFFFFFFFFFFFF,34.6,46.4,1.067
25,0,0,0,0,0,0,0,0,0,0,0,0,0,0,0,0,0,0,100,0,0,0,0,0,0,0,0,0,0,0,0,0,0,0,0,0,0,0,0,0,0,0,0,0,0,0,0,0,0,0,0,0,0,0,0,0,0,0,0,0,0,0,0,0,0,0,0,0,0,0,0,0,0,0,0,0,0,0,0,0,0,0,0,0,0,0,0,0,0,0,FFFFFFFFFFFFFFFFFFTFFFFFFFFFFFFFFFFFFFFFFFFFFFFFFFFFFFFFFFFFFFFFFFFFFFFFFFFFFFFFFFFFFFFFFF,42.9,29.37,0.901
26,0,0,0,0,0,0,0,0,0,0,0,0,0,0,0,0,0,0,0,0,0,0,0,38.83495146,0,0,0,0,0,0,0,0,0,0,0,0,0,0,0,0,0,0,0,0,0,0,0,0,0,0,0,0,0,0,0,0,0,0,0,19.41747573,0,0,0,0,38.83495146,0,0,0,0,0,0,0,0,0,0,0,0,0,0,0,0,2.912621359,0,0,0,0,0,0,0,0,FFFFFFFFFFFFFFFFFFFFFFFTFFFFFFFFFFFFFFFFFFFFFFFFFFFFFFFFFFFTFFFFTFFFFFFFFFFFFFFFFTFFFFFFFF,3.2,22.3,0.89
27,0,0,0,0,0,0,0,0,0,0,0,0,0,0,0,0,0,0,0,0,0,0,0,0,0,0,0,0,0,29.12621359,0,0,0,0,0,0,0,0,0,0,0,0,0,0,0,0,0,0,0,0,0,0,0,0,0,0,0,0,0,0,0,0,0,0,0,0,53.39805825,0,0,0,0,0,0,0,0,0,0,0,0,0,0,2.912621359,0,0,0,0,0,0,0,14.5631068,FFFFFFFFFFFFFFFFFFFFFFFFFFFFFTFFFFFFFFFFFFFFFFFFFFFFFFFFFFFFFFFFFFTFFFFFFFFFFFFFFTFFFFFFFT,4.5,0.025,0.91
28,0,0,0,0,0,0,0,0,0,0,0,0,0,0,0,0,0,0,0,0,0,0,0,0,0,0,0,0,0,38.83495146,0,0,0,0,0,0,0,0,0,0,0,0,0,0,0,0,0,0,0,0,0,0,0,0,0,0,0,0,0,0,0,0,0,0,0,0,43.68932039,0,0,0,0,0,0,0,0,0,0,0,0,0,0,2.912621359,0,0,0,0,0,0,0,14.5631068,FFFFFFFFFFFFFFFFFFFFFFFFFFFFFTFFFFFFFFFFFFFFFFFFFFFFFFFFFFFFFFFFFFTFFFFFFFFFFFFFFTFFFFFFFT,6.6,1.04,0.909
29,0,0,0,0,0,23.48336595,0,0,0,0,0,0,0,0,0,0,0,0,0,0,0,0,0,0,0,0,0,0,0,0,0,0,0,0,0,0,0,0,0,0,0,0,14.67710372,0,0,0,0,0,0,0,0,0,0,0,0,0,0,0,0,0,0,51.8590998,0,0,0,0,0,0,0,0,0,0,0,0,0,0,0,0,0,0,0,1.956947162,0,0,3.913894325,0,0.195694716,0,3.913894325,0,FFFFFTFFFFFFFFFFFFFFFFFFFFFFFFFFFFFFFFFFFFTFFFFFFFFFFFFFFFFFFTFFFFFFFFFFFFFFFFFFFTFFTFTFTF,2.1,,0.996
30,0,0,0,0,0,0,0,0,0,0,0,0,0,31.42857143,0,0,0,0,0,0,0,0,0,0,0,0,0,0,0,50.47619048,0,0,0,0,0,0,0,0,0,0,0,0,0,0,0,0,0,0,0,7.619047619,0,0,0,0,0,0,0,0,0,0,0,0,0,0,0,0,0,0,0,0,0,0,0,0,0,5.714285714,0,0,0,0,0,2.857142857,0,0,0,0,0,1.904761905,0,0,FFFFFFFFFFFFFTFFFFFFFFFFFFFFFTFFFFFFFFFFFFFFFFFFFTFFFFFFFFFFFFFFFFFFFFFFFFFTFFFFFTFFFFFTFF,31.4,27.04,0.946
31,0,0,0,0,0,0,0,0,0,0,0,0,0,29.52380952,0,0,0,0,0,0,0,0,0,0,0,0,0,0,0,50.47619048,0,0,0,0,0,0,0,0,0,0,0,0,0,0,0,0,0,0,0,0,0,0,0,0,0,0,7.619047619,0,0,0,0,0,0,0,0,0,0,0,1.904761905,0,0,0,0,0,0,5.714285714,0,0,0,0,0,2.857142857,0,0,0,0,0,1.904761905,0,0,FFFFFFFFFFFFFTFFFFFFFFFFFFFFFTFFFFFFFFFFFFFFFFFFFFFFFFFFTFFFFFFFFFFFTFFFFFFTFFFFFTFFFFFTFF,31,26.36,0.943
32,0,0,0,0,0,0,0,0,0,0,0,0,0,0,0,0,0,0,0,0,0,0,0,0,0,0,0,0,0,59.88023952,0,0,0,0,0,0,0,0,0,0,0,0,0,0,0,0,0,0,0,0,0,19.96007984,0,0,0,0,0,0,0,0,0,0,0,0,0,0,0,0,0,0,0,7.984031936,0,0,0,11.9760479,0,0,0,0,0,0,0,0.199600798,0,0,0,0,0,0,FFFFFFFFFFFFFFFFFFFFFFFFFFFFFTFFFFFFFFFFFFFFFFFFFFFTFFFFFFFFFFFFFFFFFFFTFFFTFFFFFFFTFFFFFF,33.2,20,1.028
33,0,0,0,0,0,0,0,0,0,0,0,0,0,0,0,0,0,0,0,0,0,0,0,0,0,47,0,0,0,0,0,0,0,0,0,0,0,0,0,0,0,0,0,0,50,0,0,0,0,0,0,0,0,0,0,0,0,0,0,0,0,0,0,0,0,0,0,0,0,0,0,0,0,0,0,0,0,0,0,0,0,0,0,0,0,3,0,0,0,0,FFFFFFFFFFFFFFFFFFFFFFFFFTFFFFFFFFFFFFFFFFFFTFFFFFFFFFFFFFFFFFFFFFFFFFFFFFFFFFFFFFFFFTFFFF,98.9,3.7,1.333
34,0,0,0,0,0,0,0,0,0,0,0,0,0,0,0,0,0,0,0,0,0,0,0,0,0,45,0,0,0,0,0,0,0,0,0,0,0,0,0,0,0,0,0,0,50,0,0,0,0,0,0,0,0,0,0,0,0,0,0,0,0,0,0,0,0,0,0,0,0,0,0,0,0,0,0,0,0,0,0,0,0,2,0,0,0,3,0,0,0,0,FFFFFFFFFFFFFFFFFFFFFFFFFTFFFFFFFFFFFFFFFFFFTFFFFFFFFFFFFFFFFFFFFFFFFFFFFFFFFFFFFTFFFTFFFF,95.9,4.8,1.338
35,0,0,0,0,0,0,0,0,0,0,0,0,0,0,0,0,0,0,0,0,0,0,0,0,0,0,0,0,0,0,0,0,0,45.76436222,0,0,0,0,0,0,0,0,0,0,0,0,0,0,0,0,0,0,28.2375852,0,0,0,0,0,0,0,0,0,0,0,0,0,0,0,0,0,0,0,0,0,0,17.52677702,0,0,0,5.842259007,0,1.947419669,0,0,0,0,0,0.681596884,0,0,FFFFFFFFFFFFFFFFFFFFFFFFFFFFFFFFFTFFFFFFFFFFFFFFFFFFTFFFFFFFFFFFFFFFFFFFFFFTFFFTFTFFFFFTFF,24,35.1,1.109
36,0,0,0,0,0,0,0,0,0,0,0,0,0,0,0,0,0,0,0,0,0,0,0,0,0,0,0,0,49.27536232,19.3236715,0,0,0,0,0,0,0,0,0,0,0,0,0,0,0,0,0,0,0,20.28985507,0,0,0,0,0,0,0,0,0,0,0,0,0,0,0,0,0,0,0,0,0,7.729468599,0,0,0,0,0,0,0,0,0,0,0,0,0,0,0,3.381642512,0,0,FFFFFFFFFFFFFFFFFFFFFFFFFFFFTTFFFFFFFFFFFFFFFFFFFTFFFFFFFFFFFFFFFFFFFFFTFFFFFFFFFFFFFFFTFF,36,15.8,1.026
37,0,0,0,0,0,0,0,0,0,0,0,0,0,60,0,0,0,0,40,0,0,0,0,0,0,0,0,0,0,0,0,0,0,0,0,0,0,0,0,0,0,0,0,0,0,0,0,0,0,0,0,0,0,0,0,0,0,0,0,0,0,0,0,0,0,0,0,0,0,0,0,0,0,0,0,0,0,0,0,0,0,0,0,0,0,0,0,0,0,0,FFFFFFFFFFFFFTFFFFTFFFFFFFFFFFFFFFFFFFFFFFFFFFFFFFFFFFFFFFFFFFFFFFFFFFFFFFFFFFFFFFFFFFFFFF,30.5,24.6,0.894
38,0,0,0,0,0,0,0,0,0,0,0,0,0,0,0,0,0,0,0,0,0,0,0,0,0,0,0,100,0,0,0,0,0,0,0,0,0,0,0,0,0,0,0,0,0,0,0,0,0,0,0,0,0,0,0,0,0,0,0,0,0,0,0,0,0,0,0,0,0,0,0,0,0,0,0,0,0,0,0,0,0,0,0,0,0,0,0,0,0,0,FFFFFFFFFFFFFFFFFFFFFFFFFFFTFFFFFFFFFFFFFFFFFFFFFFFFFFFFFFFFFFFFFFFFFFFFFFFFFFFFFFFFFFFFFF,20.3,39.1,0.888
39,0,0,0,0,0,0,0,0,0,0,0,0,0,0,0,0,0,0,13,0,0,35,0,20,0,0,0,0,0,0,0,0,0,0,0,0,0,0,0,0,0,0,0,0,0,0,0,0,22,0,0,0,0,0,0,0,0,0,0,0,0,0,0,0,0,0,0,0,0,0,0,0,0,0,10,0,0,0,0,0,0,0,0,0,0,0,0,0,0,0,FFFFFFFFFFFFFFFFFFTFFTFTFFFFFFFFFFFFFFFFFFFFFFFFTFFFFFFFFFFFFFFFFFFFFFFFFFTFFFFFFFFFFFFFFF,32.4,34.5,1.04
40,0,0,0,0,0,0,0,0,0,0,0,0,0,0,0,0,0,0,0,0,0,0,0,0,0,0,0,39.92015968,0,31.93612774,0,0,0,0,0,0,0,0,0,0,0,0,0,0,0,0,0,0,0,0,21.95608782,0,0,0,0,0,0,0,0,0,0,0,0,0,0,0,0,0,0,0,0,0,0,0,5.988023952,0,0,0,0,0,0,0,0,0.199600798,0,0,0,0,0,0,FFFFFFFFFFFFFFFFFFFFFFFFFFFTFTFFFFFFFFFFFFFFFFFFFFTFFFFFFFFFFFFFFFFFFFFFFFTFFFFFFFFTFFFFFF,33.6,24.4,1.048
41,0,0,0,0,0,0,0,0,0,0,0,0,0,0,0,0,0,0,38,0,0,10,0,0,0,0,0,20,0,0,0,0,0,0,0,0,0,0,0,0,0,0,0,0,0,0,0,0,22,0,0,0,0,0,0,0,0,0,0,0,0,0,0,0,0,0,0,0,0,0,0,0,0,0,0,10,0,0,0,0,0,0,0,0,0,0,0,0,0,0,FFFFFFFFFFFFFFFFFFTFFTFFFFFTFFFFFFFFFFFFFFFFFFFFTFFFFFFFFFFFFFFFFFFFFFFFFFFTFFFFFFFFFFFFFF,32.1,27,1.042
42,0,0,0,0,0,0,0,0,0,0,0,0,0,0,0,0,0,0,0,0,0,0,0,0,0,0,0,0,0,33.98058252,0,0,0,33.98058252,0,0,0,0,0,0,0,0,0,0,0,0,0,0,0,0,0,0,0,0,0,0,0,0,0,0,0,0,0,0,0,0,0,0,0,0,0,0,0,0,0,0,0,0,0,0,29.12621359,0,0,0,0,0,0,0,2.912621359,0,FFFFFFFFFFFFFFFFFFFFFFFFFFFFFTFFFTFFFFFFFFFFFFFFFFFFFFFFFFFFFFFFFFFFFFFFFFFFFFFFTFFFFFFFTF,22.1,,0.895
43,0,0,0,0,0,0,0,0,0,0,0,0,0,0,0,0,19.7044335,0,34.48275862,0,0,0,0,0,0,0,0,19.7044335,0,0,0,0,0,0,0,0,0,0,0,0,0,0,0,0,0,0,0,0,0,0,0,18.71921182,0,0,0,0,0,0,0,0,0,0,0,0,0,0,0,0,0,0,0,0,0,0,0,5.911330049,0,0,0,0,0,0,0,0,0,0,0,1.477832512,0,0,FFFFFFFFFFFFFFFFTFTFFFFFFFFTFFFFFFFFFFFFFFFFFFFFFFFTFFFFFFFFFFFFFFFFFFFFFFFTFFFFFFFFFFFTFF,35.1,37.8,1.021
44,0,0,0,0,0,0,0,0,0,0,0,0,0,0,0,0,0,0,28.57142857,0,0,0,0,0,0,0,0,39.408867,0,0,0,0,0,0,0,0,0,0,0,0,0,0,0,0,0,0,0,0,21.67487685,0,0,0,0,0,0,0,0,0,0,0,0,0,0,0,0,0,0,0,0,0,0,0,0,0,0,5.911330049,0,0,0,0,0,2.955665025,0,0,0,0,0,1.477832512,0,0,FFFFFFFFFFFFFFFFFFTFFFFFFFFTFFFFFFFFFFFFFFFFFFFFTFFFFFFFFFFFFFFFFFFFFFFFFFFTFFFFFTFFFFFTFF,30,,1.052
45,0,0,52.42334322,0,0,0,0,0,0,0,0,0,0,0,0,0,0,0,0,0,0,0,0,0,0,0,0,0,0,0,0,0,0,0,0,0,0,0,0,0,0,0,0,0,44.51038576,0,0,0,0,0,0,0,0,0,0,0,0,0,0,0,0,0,0,0,0,0,0,0,0,0,0,0,0,0,0,0,0,0,0,0,0,0.989119683,0,0,0,1.978239367,0.098911968,0,0,0,FFTFFFFFFFFFFFFFFFFFFFFFFFFFFFFFFFFFFFFFFFFFTFFFFFFFFFFFFFFFFFFFFFFFFFFFFFFFFFFFFTFFFTTFFF,168,,1.277
46,0,0,0,0,0,0,0,0,0,0,0,0,0,0,0,0,0,0,0,0,0,0,0,0,0,0,0,0,0,65.67754698,0,0,0,0,0,0,0,0,0,0,0,0,0,0,0,4.154302671,0,0,0,0,0,0,0,0,0,0,1.681503462,4.154302671,0,0,0,0,0,0,0,0,0,0,2.96735905,20.27695351,0,0,0,0,0,0,0,0,0,0,0,0.989119683,0,0.098911968,0,0,0,0,0,0,FFFFFFFFFFFFFFFFFFFFFFFFFFFFFTFFFFFFFFFFFFFFFTFFFFFFFFFFTTFFFFFFFFFFTTFFFFFFFFFFFTFTFFFFFF,30.2,,0.947
47,0,0,0,0,0,0,0,0,0,0,0,0,0,0,0,0,0,0,0,0,0,0,0,0,0,0,0,0,0,8.737864078,0,0,0,54.36893204,0,0,0,0,0,0,0,0,0,0,0,0,0,0,0,0,0,0,0,0,0,0,16.50485437,0,0,0,0,0,0,0,0,0,0,0,0,0,0,8.737864078,0,0,0,8.737864078,0,0,0,0,0,1.941747573,0,0,0,0,0,0,0.970873786,0,FFFFFFFFFFFFFFFFFFFFFFFFFFFFFTFFFTFFFFFFFFFFFFFFFFFFFFFFTFFFFFFFFFFFFFFTFFFTFFFFFTFFFFFFTF,33.1,,0.999
48,0,0,0,82,0,0,0,0,0,0,0,0,0,0,0,0,0,0,0,0,0,0,0,0,0,0,0,0,0,0,0,0,0,0,0,0,0,0,0,0,0,0,0,0,15,0,0,0,0,0,0,0,0,0,0,0,0,0,0,0,0,0,0,0,0,0,0,0,0,0,0,0,0,0,0,0,0,0,0,0,0,0,0,0,0,3,0,0,0,0,FFFTFFFFFFFFFFFFFFFFFFFFFFFFFFFFFFFFFFFFFFFFTFFFFFFFFFFFFFFFFFFFFFFFFFFFFFFFFFFFFFFFFTFFFF,100.2,,1.001
49,0,0,0,0,0,0,0,0,0,0,0,0,0,0,0,0,0,0,0,0,0,0,0,0,0,0,0,0,10.47619048,52.38095238,0,0,0,0,0,0,0,0,0,0,0,3.80952381,0,0,0,0,0,0,0,0,0,0,0,0,0,0,0,0,9.523809524,0,0,0,0,0,0,0,0,0,3.80952381,0,0,0,0,0,0,15.23809524,0,0,0,0,0,0,0,0,0,0,0,1.904761905,2.857142857,0,FFFFFFFFFFFFFFFFFFFFFFFFFFFFTTFFFFFFFFFFFTFFFFFFFFFFFFFFFFTFFFFFFFFFTFFFFFFTFFFFFFFFFFFTTF,24.5,,0.984
50,0,0,0,0,0,0,0,0,0,0,0,0,0,0,76.69902913,0,0,0,0,0,0,0,0,0,0,0,0,0,0,0,0,0,0,0,0,0,0,0,0,0,0,0,0,0,19.41747573,0,0,0,0,0,0,0,0,0,0,0,0,0,0,0,0,0,0,0,0,0,0,0,0,0,0,0,0,0,0,0,0,0,0,0,0,2.912621359,0,0,0,0.970873786,0,0,0,0,FFFFFFFFFFFFFFTFFFFFFFFFFFFFFFFFFFFFFFFFFFFFTFFFFFFFFFFFFFFFFFFFFFFFFFFFFFFFFFFFFTFFFTFFFF,68.9,,1.027
51,0,0,0,0,0,0,0,0,0,0,0,0,0,0,0,0,0,0,0,0,0,0,0,0,0,0,0,0,44.78057518,44.78057518,0,0,0,0,0,0,0,0,0,0,0,0,0,0,0,0,0,0,0,0,0,0,0,0,0,0,0,0,0,0,0,0,0,0,0,0,0,0,0,0,0,0,0,9.951238929,0,0,0,0,0,0,0,0,0,0,0,0,0,0.487610708,0,0,FFFFFFFFFFFFFFFFFFFFFFFFFFFFTTFFFFFFFFFFFFFFFFFFFFFFFFFFFFFFFFFFFFFFFFFFFTFFFFFFFFFFFFFTFF,35,15.63,0.894
52,0,0,0,0,0,0,0,0,0,0,0,0,0,0,0,0,0,0,24.63054187,0,0,0,0,0,0,0,0,0,0,0,0,0,0,0,0,36.45320197,0,0,0,0,0,0,0,0,0,0,0,0,0,0,0,21.67487685,0,0,0,0,0,0,0,0,0,0,0,0,0,0,0,0,0,0,0,3.9408867,0,0,0,11.8226601,0,0,0,0,0,0,0,0,0,0,0,1.477832512,0,0,FFFFFFFFFFFFFFFFFFTFFFFFFFFFFFFFFFFTFFFFFFFFFFFFFFFTFFFFFFFFFFFFFFFFFFFTFFFTFFFFFFFFFFFTFF,29.1,41.57,1.033
53,0,0,0,0,0,60,0,0,0,0,0,0,0,0,0,0,0,0,0,0,0,0,0,0,0,0,0,0,0,0,0,0,0,0,0,0,0,0,0,0,0,0,0,0,0,0,0,0,0,0,0,0,40,0,0,0,0,0,0,0,0,0,0,0,0,0,0,0,0,0,0,0,0,0,0,0,0,0,0,0,0,0,0,0,0,0,0,0,0,0,FFFFFTFFFFFFFFFFFFFFFFFFFFFFFFFFFFFFFFFFFFFFFFFFFFFFTFFFFFFFFFFFFFFFFFFFFFFFFFFFFFFFFFFFFF,42.6,,1.161
54,0,0,0,0,0,0,0,0,0,0,0,0,0,0,0,0,0,0,0,0,0,0,0,0,0,0,0,0,12.74509804,0,0,0,0,47.05882353,0,0,0,0,0,0,0,0,0,0,0,0,0,0,0,0,0,15.68627451,0,0,0,0,0,0,4.901960784,0,0,0,0,0,0,0,0,0,5.882352941,0,0,5.882352941,0,0,0,0,0,0,0,5.882352941,0,1.960784314,0,0,0,0,0,0,0,0,FFFFFFFFFFFFFFFFFFFFFFFFFFFFTFFFFTFFFFFFFFFFFFFFFFFTFFFFFFTFFFFFFFFFTFFTFFFFFFFTFTFFFFFFFF,31.1,27.67,1.039
55,0,0,0,0,0,0,0,0,0,0,0,0,0,0,0,0,0,0,0,0,0,0,0,0,0,0,0,0,0,60.78431373,0,0,0,0,0,0,0,0,0,0,0,0,0,0,0,0,0,0,0,0,0,0,0,0,0,0,15.68627451,0,0,0,0,0,0,0,0,0,0,0,0,0,0,0,0,0,0,19.60784314,0,0,0,0,0,2.941176471,0,0,0,0.980392157,0,0,0,0,FFFFFFFFFFFFFFFFFFFFFFFFFFFFFTFFFFFFFFFFFFFFFFFFFFFFFFFFTFFFFFFFFFFFFFFFFFFTFFFFFTFFFTFFFF,31.7,,0.994
56,0,0,0,0,0,0,0,0,0,0,0,0,0,0,0,0,0,0,0,0,0,0,0,0,0,0,0,0,0,32.69230769,0,0,0,28.84615385,0,0,0,0,0,0,0,0,0,0,0,0,0,0,0,0,0,0,0,0,0,0,17.30769231,0,0,0,0,0,0,0,0,0,0,0,0,7.692307692,0,0,0,0,0,9.615384615,0,0,0,0,0,2.884615385,0,0,0,0,0,0,0,0.961538462,FFFFFFFFFFFFFFFFFFFFFFFFFFFFFTFFFTFFFFFFFFFFFFFFFFFFFFFFTFFFFFFFFFFFFTFFFFFTFFFFFTFFFFFFFT,32.9,,1.002
57,0,0,0,0,0,0,0,0,0,0,0,0,0,0,0,0,0,0,0,0,0,0,0,0,0,0,0,0,0,62.13592233,0,0,0,0,0,0,0,0,0,0,0,0,0,0,0,0,0,0,0,0,0,0,0,0,0,0,8.737864078,0,8.737864078,0,0,0,0,0,0,0,0,0,0,0,0,0,0,0,0,17.47572816,0,0,0,0,0,2.912621359,0,0,0,0,0,0,0,0,FFFFFFFFFFFFFFFFFFFFFFFFFFFFFTFFFFFFFFFFFFFFFFFFFFFFFFFFTFTFFFFFFFFFFFFFFFFTFFFFFTFFFFFFFF,31.8,,1.003
58,0,0,0,0,0,0,0,0,0,0,0,0,0,0,0,0,0,0,0,0,0,0,0,0,0,0,0,0,0,48.30917874,0,0,0,39.61352657,0,0,0,0,0,0,0,0,0,0,0,0,0,0,0,0,0,4.830917874,0,0,0,0,0,0,0,0,0,0,0,0,0,0,0,0,3.8647343,0,0,0,0,0,0,0,0,0,0,0,0,0.966183575,0,0,0,0,0,0.483091787,1.93236715,0,FFFFFFFFFFFFFFFFFFFFFFFFFFFFFTFFFTFFFFFFFFFFFFFFFFFTFFFFFFFFFFFFFFFFTFFFFFFFFFFFFTFFFFFTTF,40.3,51.7,0.932
59,0,0,0,0,0,0,0,0,0,0,0,0,0,0,0,0,0,0,0,0,0,0,0,0,0,0,0,0,0,48.30917874,0,0,0,43.47826087,0,0,0,0,0,0,0,0,0,0,0,0,0,0,0,0,0,4.830917874,0,0,0,0,0,0,0,0,0,0,0,0,0,0,0,0,0,0,0,0,0,0,0,0,0,0,0,0,0,0.966183575,0,0,0,0,0,0.483091787,1.93236715,0,FFFFFFFFFFFFFFFFFFFFFFFFFFFFFTFFFTFFFFFFFFFFFFFFFFFTFFFFFFFFFFFFFFFFFFFFFFFFFFFFFTFFFFFTTF,43.8,57,0.934
60,0,0,0,0,0,0,0,0,0,0,0,0,0,0,0,0,0,0,0,0,0,0,0,0,0,0,0,0,0,48.30917874,0,0,0,37.68115942,0,0,0,0,0,0,0,0,0,0,0,0,0,0,0,0,0,4.830917874,0,0,0,0,0,0,0,0,0,0,0,0,0,0,0,0,5.797101449,0,0,0,0,0,0,0,0,0,0,0,0,0.966183575,0,0,0,0,0,0.483091787,1.93236715,0,FFFFFFFFFFFFFFFFFFFFFFFFFFFFFTFFFTFFFFFFFFFFFFFFFFFTFFFFFFFFFFFFFFFFTFFFFFFFFFFFFTFFFFFTTF,38.8,49,0.931
61,0,0,0,0,0,0,0,0,0,0,0,0,0,0,0,0,0,0,0,0,0,0,0,0,0,0,0,0,0,48.30917874,0,0,0,45.41062802,0,0,0,0,0,0,0,0,0,0,0,0,0,0,0,0,0,0,0,0,0,0,0,0,2.898550725,0,0,0,0,0,0,0,0,0,0,0,0,0,0,0,0,0,0,0,0,0,0,0.966183575,0,0,0,0,0,0.483091787,1.93236715,0,FFFFFFFFFFFFFFFFFFFFFFFFFFFFFTFFFTFFFFFFFFFFFFFFFFFFFFFFFFTFFFFFFFFFFFFFFFFFFFFFFTFFFFFTTF,42.8,58.8,0.919
62,0,0,0,0,0,0,0,0,0,0,0,0,0,0,0,0,0,0,0,0,0,0,0,0,0,0,0,0,0,48.30917874,0,0,0,45.41062802,0,0,0,0,0,0,0,0,0,0,0,0,0,0,0,0,0,2.898550725,0,0,0,0,0,0,0,0,0,0,0,0,0,0,0,0,0,0,0,0,0,0,0,0,0,0,0,0,0,0.966183575,0,0,0,0,0,0.483091787,1.93236715,0,FFFFFFFFFFFFFFFFFFFFFFFFFFFFFTFFFTFFFFFFFFFFFFFFFFFTFFFFFFFFFFFFFFFFFFFFFFFFFFFFFTFFFFFTTF,43.2,57.5,0.922
63,0,0,0,0,0,0,0,0,0,0,0,0,0,0,0,0,0,0,0,0,0,0,0,0,0,0,0,0,0,47.84688995,0,0,0,37.32057416,0,0,0,0,0,0,0,0,0,0,0,0,0,0,0,0,0,4.784688995,0,0,0,0,0,0,0,0,0,0,0,0,0,0,0,0,5.741626794,0,0,0,0,0,0,0,0,0,0,0,0,0.956937799,0,0,0,0.956937799,0,0.4784689,1.913875598,0,FFFFFFFFFFFFFFFFFFFFFFFFFFFFFTFFFTFFFFFFFFFFFFFFFFFTFFFFFFFFFFFFFFFFTFFFFFFFFFFFFTFFFTFTTF,39.4,44.7,0.931
64,0,0,0,0,0,0,0,0,0,0,0,0,0,0,0,0,0,0,0,0,0,0,0,0,0,0,0,0,13.56589147,0,0,0,0,46.51162791,0,0,0,0,0,0,0,0,0,0,0,0,0,0,0,0,0,15.50387597,0,0,0,0,0,0,4.84496124,0,0,0,0,0,0,0,0,0,5.813953488,0,0,5.813953488,0,0,0,0,0,0,0,4.84496124,0,1.937984496,0,0.19379845,0,0.968992248,0,0,0,0,FFFFFFFFFFFFFFFFFFFFFFFFFFFFTFFFFTFFFFFFFFFFFFFFFFFTFFFFFFTFFFFFFFFFTFFTFFFFFFFTFTFTFTFFFF,32.9,19.68,1.041
65,0,0,0,0,0,0,0,0,0,0,0,0,0,0,0,0,0,0,0,0,0,0,0,0,0,0,0,0,13.69863014,0,0,0,0,46.9667319,0,0,0,0,0,0,0,0,0,0,0,0,0,0,0,0,0,15.6555773,0,0,0,0,0,0,4.892367906,0,0,0,0,0,0,0,0,0,5.870841487,0,0,5.870841487,0,0,0,0,0,0,0,4.892367906,0,1.956947162,0,0.195694716,0,0,0,0,0,0,FFFFFFFFFFFFFFFFFFFFFFFFFFFFTFFFFTFFFFFFFFFFFFFFFFFTFFFFFFTFFFFFFFFFTFFTFFFFFFFTFTFTFFFFFF,32.3,29.84,1.045
66,0,0,0,0,0,0,0,0,0,0,0,0,0,0,0,0,0,0,0,0,0,0,0,0,0,0,0,0,12.72015656,0,0,0,0,46.9667319,0,0,0,0,0,0,0,0,0,0,0,0,0,0,0,0,0,15.6555773,0,0,0,0,0,0,4.892367906,0,0,0,0,0,0,0,0,0,5.870841487,0,0,5.870841487,0,0,0,0,0,0,0,5.870841487,0,1.956947162,0,0.195694716,0,0,0,0,0,0,FFFFFFFFFFFFFFFFFFFFFFFFFFFFTFFFFTFFFFFFFFFFFFFFFFFTFFFFFFTFFFFFFFFFTFFTFFFFFFFTFTFTFFFFFF,31.4,28.94,1.046
67,0,0,0,0,0,0,0,0,0,0,0,0,0,0,0,0,0,57.6171875,0,0,0,0,0,0,0,0,0,0,0,0,0,0,0,0,0,0,0,0,0,0,0,0,0,0,0,0,0,0,0,0,0,0,0,0,0,0,10.7421875,5.859375,0,0,0,0,0,0,0,0,0,0,2.9296875,0,0,0,6.8359375,0,0,0,13.671875,0,0,0,0,0,0,0.1953125,0,0,0,2.1484375,0,0,FFFFFFFFFFFFFFFFFTFFFFFFFFFFFFFFFFFFFFFFFFFFFFFFFFFFFFFFTTFFFFFFFFFFTFFFTFFFTFFFFFFTFFFTFF,23.4,,0.995
68,0,0,0,0,0,0,0,0,0,0,0,0,30.74596774,0,0,0,0,0,0,0,0,0,0,0,0,0,64.63709677,0,0,0,0,0,0,0,0,0,0,0,0,0,0,0,0,0,0,0,0,0,0,0,0,0,0,0,0,0,0,0,0,0,0,0,0,0,0,0,0,0,0,0,0,0,0,0,0,0,0,0,0,0,0,0.987903226,0,0,0,3.528225806,0.100806452,0,0,0,FFFFFFFFFFFFTFFFFFFFFFFFFFTFFFFFFFFFFFFFFFFFFFFFFFFFFFFFFFFFFFFFFFFFFFFFFFFFFFFFFTFFFTTFFF,43.1,,0.906
69,0,0,0,0,0,0,0,0,0,0,0,0,0,0,0,0,0,0,14.28571429,0,0,38.0952381,0,0,0,0,0,0,0,0,0,0,0,0,0,0,0,0,3.80952381,0,0,0,0,0,0,0,0,23.80952381,0,0,0,0,0,0,0,0,0,0,0,0,0,0,0,0,0,0,0,0,0,0,0,5.714285714,0,0,0,9.523809524,0,0,0,0,0,1.904761905,0,0,0,0,0,0,2.857142857,0,FFFFFFFFFFFFFFFFFFTFFTFFFFFFFFFFFFFFFFTFFFFFFFFTFFFFFFFFFFFFFFFFFFFFFFFTFFFTFFFFFTFFFFFFTF,29.8,,1.069
70,0,0,0,0,0,0,0,0,0,0,0,0,0,0,0,0,0,0,14.70588235,0,0,39.21568627,0,0,0,0,0,0,0,0,0,0,0,0,0,0,0,0,3.921568627,0,0,0,0,0,0,0,0,24.50980392,0,0,0,0,0,0,0,0,0,0,0,0,0,0,0,0,0,0,0,0,0,0,0,5.882352941,0,0,0,9.803921569,0,0,0,0,0,1.960784314,0,0,0,0,0,0,0,0,FFFFFFFFFFFFFFFFFFTFFTFFFFFFFFFFFFFFFFTFFFFFFFFTFFFFFFFFFFFFFFFFFFFFFFFTFFFTFFFFFTFFFFFFFF,29.2,,1.066
71,0,0,0,0,0,0,0,0,0,0,0,0,0,0,0,0,0,0,14.70588235,0,0,39.21568627,0,0,0,0,0,0,0,0,0,0,0,0,0,0,0,0,3.921568627,0,0,0,0,0,0,0,0,24.50980392,0,0,0,0,0,0,0,0,0,0,0,0,0,0,0,0,0,0,0,0,0,0,0,5.882352941,0,0,0,9.803921569,0,0,0,0,0,1.960784314,0,0,0,0,0,0,0,0,FFFFFFFFFFFFFFFFFFTFFTFFFFFFFFFFFFFFFFTFFFFFFFFTFFFFFFFFFFFFFFFFFFFFFFFTFFFTFFFFFTFFFFFFFF,29.1,,1.065
72,0,67.64705882,0,0,0,0,0,0,0,0,0,0,0,0,0,0,0,0,0,0,0,0,0,0,0,0,0,0,0,0,0,0,0,0,0,0,0,0,0,0,0,0,0,0,29.41176471,0,0,0,0,0,0,0,0,0,0,0,0,0,0,0,0,0,0,0,0,0,0,0,0,0,0,0,0,0,0,0,0,0,0,0,0,1.960784314,0,0,0,0.980392157,0,0,0,0,FTFFFFFFFFFFFFFFFFFFFFFFFFFFFFFFFFFFFFFFFFFFTFFFFFFFFFFFFFFFFFFFFFFFFFFFFFFFFFFFFTFFFTFFFF,139.3,,1.119
73,0,0,0,0,0,0,0,0,0,0,0,0,0,0,0,0,0,0,0,0,0,0,0,18,0,0,0,0,0,0,0,0,0,0,0,0,0,0,0,0,0,0,0,5,0,0,0,0,0,0,0,0,0,0,0,0,0,0,0,0,25,15,0,30,0,7,0,0,0,0,0,0,0,0,0,0,0,0,0,0,0,0,0,0,0,0,0,0,0,0,FFFFFFFFFFFFFFFFFFFFFFFTFFFFFFFFFFFFFFFFFFFTFFFFFFFFFFFFFFFFTTFTFTFFFFFFFFFFFFFFFFFFFFFFFF,2.2,9.1,0.935
74,0,0,0,0,0,0,0,0,0,0,0,0,0,0,0,0,0,0,0,0,0,0,0,18,0,0,0,0,0,0,0,0,0,0,0,0,0,0,0,0,0,0,0,5,0,0,0,0,0,0,0,0,0,0,0,0,0,0,0,0,25,15,0,30,0,7,0,0,0,0,0,0,0,0,0,0,0,0,0,0,0,0,0,0,0,0,0,0,0,0,FFFFFFFFFFFFFFFFFFFFFFFTFFFFFFFFFFFFFFFFFFFTFFFFFFFFFFFFFFFFTTFTFTFFFFFFFFFFFFFFFFFFFFFFFF,2.3,10.1,0.932
75,0,0,0,0,0,0,0,0,0,0,0,0,0,0,0,0,0,0,0,0,0,0,0,47.90419162,0,0,0,0,19.96007984,0,0,0,0,0,0,0,0,0,0,0,0,0,0,0,0,0,0,0,0,0,0,0,0,0,0,0,0,0,0,0,0,0,0,0,0,0,0,0,0,0,0,0,0,0,0,0,0,31.93612774,0,0,0,0,0,0,0,0,0,0.199600798,0,0,FFFFFFFFFFFFFFFFFFFFFFFTFFFFTFFFFFFFFFFFFFFFFFFFFFFFFFFFFFFFFFFFFFFFFFFFFFFFFTFFFFFFFFFTFF,4.7,,0.886
76,0,0,0,0,0,0,0,0,0,0,0,0,0,0,0,0,0,0,0,0,0,0,0,30,0,0,0,0,0,0,0,0,0,0,0,0,0,0,0,0,0,0,0,5,0,0,0,0,0,0,0,0,0,0,0,0,0,0,0,0,25,0,0,20,0,20,0,0,0,0,0,0,0,0,0,0,0,0,0,0,0,0,0,0,0,0,0,0,0,0,FFFFFFFFFFFFFFFFFFFFFFFTFFFFFFFFFFFFFFFFFFFTFFFFFFFFFFFFFFFFTFFTFTFFFFFFFFFFFFFFFFFFFFFFFF,3.7,3.8,0.938
77,0,0,0,0,0,0,0,0,0,0,0,0,0,0,0,0,0,0,0,0,0,0,0,28,0,0,0,0,0,0,0,0,0,0,0,0,0,0,0,0,0,0,0,5,0,0,0,0,0,0,0,0,0,0,0,0,0,0,0,0,25,15,0,20,0,7,0,0,0,0,0,0,0,0,0,0,0,0,0,0,0,0,0,0,0,0,0,0,0,0,FFFFFFFFFFFFFFFFFFFFFFFTFFFFFFFFFFFFFFFFFFFTFFFFFFFFFFFFFFFFTTFTFTFFFFFFFFFFFFFFFFFFFFFFFF,2.9,9.7,0.931
78,0,0,0,0,0,0,0,0,0,0,0,0,0,0,0,0,0,0,0,0,0,0,0,0,0,0,0,0,0,0,0,0,0,0,0,0,0,0,15,5,0,0,0,10,0,0,0,0,0,0,0,0,0,0,0,0,0,0,0,0,25,30,0,0,0,0,0,0,0,0,0,0,0,0,0,15,0,0,0,0,0,0,0,0,0,0,0,0,0,0,FFFFFFFFFFFFFFFFFFFFFFFFFFFFFFFFFFFFFFTTFFFTFFFFFFFFFFFFFFFFTTFFFFFFFFFFFFFTFFFFFFFFFFFFFF,1.2,16.8,0.976
79,0,0,0,0,0,0,0,0,0,0,0,0,0,0,0,0,0,0,0,0,0,0,0,18,0,0,0,0,0,0,0,0,0,0,0,0,0,0,0,0,5,0,0,5,0,0,0,0,0,0,0,0,0,0,0,0,0,0,0,0,25,15,0,25,0,7,0,0,0,0,0,0,0,0,0,0,0,0,0,0,0,0,0,0,0,0,0,0,0,0,FFFFFFFFFFFFFFFFFFFFFFFTFFFFFFFFFFFFFFFFTFFTFFFFFFFFFFFFFFFFTTFTFTFFFFFFFFFFFFFFFFFFFFFFFF,2.4,7.3,0.939
80,0,0,0,0,0,0,0,0,0,0,0,0,0,0,0,0,0,0,0,0,0,0,0,0,0,0,0,0,24.50980392,40.19607843,0,0,0,0,0,0,0,0,0,0,0,0,0,0,0,0,0,0,0,22.54901961,0,0,0,0,0,0,0,0,0,0,0,0,0,0,0,0,0,0,0,0,0,0,0,0,0,10.78431373,0,0,0,0,0,1.960784314,0,0,0,0,0,0,0,0,FFFFFFFFFFFFFFFFFFFFFFFFFFFFTTFFFFFFFFFFFFFFFFFFFTFFFFFFFFFFFFFFFFFFFFFFFFFTFFFFFTFFFFFFFF,41.2,,1.059
81,0,87.16944172,0,0,0,0,0,0,0,0,0,0,0,0,0,0,0,0,0,0,0,0,0,0,0,0,0,0,0,0,0,0,0,0,0,0,0,0,0,0,0,0,0,0,0,0,0,0,0,0,0,10.77375122,0,0,0,0,0,0,0,0,0,0,0,0,0,0,0,0,0,0,0,0,0,0,0,0,0,0,0,0,0,1.958863859,0,0,0,0,0.097943193,0,0,0,FTFFFFFFFFFFFFFFFFFFFFFFFFFFFFFFFFFFFFFFFFFFFFFFFFFTFFFFFFFFFFFFFFFFFFFFFFFFFFFFFTFFFFTFFF,50.7,11,0.975
82,0,0,0,0,0,0,0,0,0,0,0,0,0,0,0,0,0,0,0,0,0,0,0,0,0,0,85.21057786,0,0,0,0,0,0,0,0,0,0,0,0,0,0,0,0,0,4.897159647,0,0,0,0,0,0,5.876591577,0,0,0,0,0,0,0,0,0,0,0,0,0,0,0,0,0,0,0,0,0,0,0,0,0,0,0,0,0,1.958863859,0,0,0,1.958863859,0.097943193,0,0,0,FFFFFFFFFFFFFFFFFFFFFFFFFFTFFFFFFFFFFFFFFFFFTFFFFFFTFFFFFFFFFFFFFFFFFFFFFFFFFFFFFTFFFTTFFF,69.8,20,0.968
83,0,0,0,0,0,0,0,0,0,0,0,0,0,0,0,0,0,0,0,0,0,0,0,0,0,0,0,0,0,0,0,0,87.16944172,0,0,0,0,0,0,0,0,0,0,0,0,0,0,0,0,0,0,10.77375122,0,0,0,0,0,0,0,0,0,0,0,0,0,0,0,0,0,0,0,0,0,0,0,0,0,0,0,0,0,1.958863859,0,0,0,0,0.097943193,0,0,0,FFFFFFFFFFFFFFFFFFFFFFFFFFFFFFFFTFFFFFFFFFFFFFFFFFFTFFFFFFFFFFFFFFFFFFFFFFFFFFFFFTFFFFTFFF,57.9,13,0.979
84,0,0,0,0,0,0,0,0,0,0,0,0,0,0,0,0,0,0,0,0,0,0,0,0,0,0,0,0,0,37.25490196,0,0,0,25.49019608,0,0,0,0,0,0,0,0,0,0,0,0,0,0,0,0,0,0,0,0,0,0,17.64705882,0,0,0,0,0,0,0,0,0,0,0,0,0,0,6.862745098,0,0,0,10.78431373,0,0,0,0,0,1.960784314,0,0,0,0,0,0,0,0,FFFFFFFFFFFFFFFFFFFFFFFFFFFFFTFFFTFFFFFFFFFFFFFFFFFFFFFFTFFFFFFFFFFFFFFTFFFTFFFFFTFFFFFFFF,33.1,,1.01
85,0,0,0,0,0,0,0,0,0,0,0,0,0,0,0,0,0,0,0,0,0,0,0,0,0,0,0,0,0,33.33333333,0,0,0,27.45098039,0,0,0,0,0,0,0,0,0,0,0,0,0,0,0,0,0,0,0,0,0,0,19.60784314,0,0,0,0,0,0,0,0,0,0,0,0,0,0,7.843137255,0,0,0,9.803921569,0,0,0,0,0,1.960784314,0,0,0,0,0,0,0,0,FFFFFFFFFFFFFFFFFFFFFFFFFFFFFTFFFTFFFFFFFFFFFFFFFFFFFFFFTFFFFFFFFFFFFFFTFFFTFFFFFTFFFFFFFF,33.8,,1.018
86,0,0,0,0,0,0,0,0,0,0,0,0,0,0,0,0,0,0,0,0,0,0,0,0,0,0,0,0,0,37.25490196,0,0,0,25.49019608,0,0,0,0,0,0,0,0,0,0,0,0,0,0,0,0,0,0,0,0,0,0,17.64705882,0,0,0,0,0,0,0,0,0,0,0,0,0,0,0,0,0,0,17.64705882,0,0,0,0,0,1.960784314,0,0,0,0,0,0,0,0,FFFFFFFFFFFFFFFFFFFFFFFFFFFFFTFFFTFFFFFFFFFFFFFFFFFFFFFFTFFFFFFFFFFFFFFFFFFTFFFFFTFFFFFFFF,33.8,,1.005
87,0,0,0,0,0,0,0,0,0,0,0,0,0,0,0,0,0,0,0,0,0,0,0,0,0,0,0,0,0,37.25490196,0,0,0,25.49019608,0,0,0,0,0,0,0,0,0,0,0,0,0,0,0,0,0,0,0,0,0,0,17.64705882,0,0,0,0,0,0,0,0,0,0,0,0,0,0,3.921568627,0,0,0,13.7254902,0,0,0,0,0,1.960784314,0,0,0,0,0,0,0,0,FFFFFFFFFFFFFFFFFFFFFFFFFFFFFTFFFTFFFFFFFFFFFFFFFFFFFFFFTFFFFFFFFFFFFFFTFFFTFFFFFTFFFFFFFF,33.4,,1.01
88,0,0,0,0,0,0,0,0,0,0,0,0,0,0,0,0,0,0,0,0,0,0,0,0,0,0,0,0,0,28.43137255,0,0,0,19.60784314,0,0,0,0,0,0,0,0,0,0,0,0,0,0,0,0,0,0,0,0,0,0,34.31372549,0,0,0,0,0,0,0,0,0,0,0,0,0,0,0,0,0,0,15.68627451,0,0,0,0,0,1.960784314,0,0,0,0,0,0,0,0,FFFFFFFFFFFFFFFFFFFFFFFFFFFFFTFFFTFFFFFFFFFFFFFFFFFFFFFFTFFFFFFFFFFFFFFFFFFTFFFFFTFFFFFFFF,36.6,,1.131
89,0,0,0,0,0,0,0,0,0,0,0,0,0,0,0,0,0,0,0,0,0,0,0,0,0,0,0,0,0,34.31372549,0,0,0,19.60784314,0,0,0,0,0,0,0,0,0,0,0,0,0,0,0,0,0,0,0,0,0,0,34.31372549,0,0,0,0,0,0,0,0,0,0,0,0,0,0,0,0,0,0,9.803921569,0,0,0,0,0,1.960784314,0,0,0,0,0,0,0,0,FFFFFFFFFFFFFFFFFFFFFFFFFFFFFTFFFTFFFFFFFFFFFFFFFFFFFFFFTFFFFFFFFFFFFFFFFFFTFFFFFTFFFFFFFF,44.4,,1.132
90,0,0,0,0,0,0,0,0,0,0,0,0,0,0,0,0,0,0,0,0,0,0,0,0,0,0,0,0,0,33.33333333,0,0,0,19.60784314,0,0,0,0,0,0,0,0,0,0,0,0,0,0,0,0,0,0,0,0,0,0,29.41176471,0,0,0,0,0,0,0,0,0,0,0,0,0,0,0,0,0,0,15.68627451,0,0,0,0,0,1.960784314,0,0,0,0,0,0,0,0,FFFFFFFFFFFFFFFFFFFFFFFFFFFFFTFFFTFFFFFFFFFFFFFFFFFFFFFFTFFFFFFFFFFFFFFFFFFTFFFFFTFFFFFFFF,36.5,,1.096
91,0,0,0,0,0,0,0,0,0,0,0,0,0,0,0,0,0,0,0,0,0,0,0,0,0,0,0,0,0,33.33333333,0,0,0,24.50980392,0,0,0,0,0,0,0,0,0,0,0,0,0,0,0,0,0,0,0,0,0,0,24.50980392,0,0,0,0,0,0,0,0,0,0,0,0,0,0,0,0,0,0,15.68627451,0,0,0,0,0,1.960784314,0,0,0,0,0,0,0,0,FFFFFFFFFFFFFFFFFFFFFFFFFFFFFTFFFTFFFFFFFFFFFFFFFFFFFFFFTFFFFFFFFFFFFFFFFFFTFFFFFTFFFFFFFF,36.1,,1.065
92,0,0,0,0,0,87.97653959,0,0,0,0,0,0,0,0,0,0,0,0,0,0,0,0,0,0,0,0,0,0,0,0,0,0,0,0,0,0,0,0,0,0,0,0,0,0,0,0,0,0,0,0,0,0,0,0,0,0,0,0,0,0,0,0,0,0,0,0,0,0,0,0,0,9.775171065,0,0,0,0,0,0,0,0,0,1.955034213,0,0,0,0,0,0.293255132,0,0,FFFFFTFFFFFFFFFFFFFFFFFFFFFFFFFFFFFFFFFFFFFFFFFFFFFFFFFFFFFFFFFFFFFFFFFTFFFFFFFFFTFFFFFTFF,29.3,,
93,0,0,0,0,0,0,0,0,0,0,0,0,0,0,0,0,0,58.82352941,0,0,0,0,0,0,0,0,0,0,0,0,0,0,0,0,0,0,0,0,0,0,0,0,0,0,0,0,0,0,0,0,0,0,0,0,0,0,14.23149905,2.84629981,0,0,0,0,0,0,0,0,0,0,2.84629981,0,0,0,0,0,0,0,16.12903226,0,0,0,0,2.84629981,0,0.189753321,0,0,0,2.087286528,0,0,FFFFFFFFFFFFFFFFFTFFFFFFFFFFFFFFFFFFFFFFFFFFFFFFFFFFFFFFTTFFFFFFFFFFTFFFFFFFTFFFFTFTFFFTFF,25.1,,1.003
94,0,0,0,0,0,0,0,0,0,0,0,0,0,0,0,0,0,58.82352941,0,0,0,0,0,0,0,0,0,0,0,0,0,0,0,0,0,0,0,0,0,0,0,0,0,0,0,0,0,0,0,0,0,0,0,0,0,0,14.23149905,2.84629981,0,0,0,0,0,0,0,0,0,0,2.84629981,0,0,4.743833017,0,0,0,11.38519924,0,0,0,0,0,2.84629981,0,0.189753321,0,0,0,2.087286528,0,0,FFFFFFFFFFFFFFFFFTFFFFFFFFFFFFFFFFFFFFFFFFFFFFFFFFFFFFFFTTFFFFFFFFFFTFFTFFFTFFFFFTFTFFFTFF,25.3,,1
95,0,0,0,0,0,0,0,0,0,0,0,0,0,0,0,0,0,58.82352941,0,0,0,0,0,0,0,0,0,0,0,0,0,0,0,0,0,0,0,0,0,0,0,0,0,0,0,0,0,0,0,0,0,0,0,0,0,0,14.23149905,2.84629981,0,0,0,0,0,0,0,0,0,0,2.84629981,0,0,0,2.84629981,0,0,0,13.28273245,0,0,0,0,2.84629981,0,0.189753321,0,0,0,2.087286528,0,0,FFFFFFFFFFFFFFFFFTFFFFFFFFFFFFFFFFFFFFFFFFFFFFFFFFFFFFFFTTFFFFFFFFFFTFFFTFFFTFFFFTFTFFFTFF,24.9,,1.004
96,0,0,0,0,0,0,0,0,0,0,0,0,0,0,0,0,0,0,0,0,74.25742574,0,0,0,0,0,0,0,0,0,0,0,0,0,0,0,0,0,0,0,0,0,0,0,0,0,0,0,0,0,0,0,0,0,0,0,6.930693069,2.97029703,0,0,0,0,0,0,0,0,0,0,0,14.85148515,0,0,0,0,0,0,0,0,0,0,0,0.99009901,0,0,0,0,0,0,0,0,FFFFFFFFFFFFFFFFFFFFTFFFFFFFFFFFFFFFFFFFFFFFFFFFFFFFFFFFTTFFFFFFFFFFFTFFFFFFFFFFFTFFFFFFFF,31.5,,0.937
97,0,0,0,0,0,0,0,0,0,0,0,0,0,0,0,0,0,0,0,0,49.5049505,0,0,0,0,19.8019802,0,0,0,0,0,0,0,0,0,0,0,0,0,0,0,0,0,0,0,0,0,0,0,0,0,0,0,0,0,0,6.930693069,2.97029703,0,0,0,0,0,0,0,0,0,0,0,13.86138614,0,0,0,0,5.940594059,0,0,0,0,0,0,0.99009901,0,0,0,0,0,0,0,0,FFFFFFFFFFFFFFFFFFFFTFFFFTFFFFFFFFFFFFFFFFFFFFFFFFFFFFFFTTFFFFFFFFFFFTFFFFTFFFFFFTFFFFFFFF,31.3,,0.934
98,0,0,0,0,0,0,0,0,0,0,0,0,0,0,0,0,0,0,0,0,71.28712871,0,0,0,0,0,0,0,0,0,0,0,0,0,0,0,0,0,0,0,0,0,0,0,0,0,0,0,0,0,0,0,0,0,0,0,6.930693069,2.97029703,0,0,0,0,0,0,0,0,0,0,0,17.82178218,0,0,0,0,0,0,0,0,0,0,0,0.99009901,0,0,0,0,0,0,0,0,FFFFFFFFFFFFFFFFFFFFTFFFFFFFFFFFFFFFFFFFFFFFFFFFFFFFFFFFTTFFFFFFFFFFFTFFFFFFFFFFFTFFFFFFFF,29.2,,0.941
99,0,0,0,0,0,0,0,0,0,0,0,0,0,0,0,0,0,0,0,0,71.28712871,0,0,0,0,0,0,0,0,0,0,0,0,0,0,0,0,0,0,0,0,0,0,0,0,0,0,0,0,0,0,0,0,0,0,0,6.930693069,2.97029703,0,0,0,0,0,0,0,0,0,0,0,11.88118812,0,0,0,0,5.940594059,0,0,0,0,0,0,0.99009901,0,0,0,0,0,0,0,0,FFFFFFFFFFFFFFFFFFFFTFFFFFFFFFFFFFFFFFFFFFFFFFFFFFFFFFFFTTFFFFFFFFFFFTFFFFTFFFFFFTFFFFFFFF,29.7,,0.937
100,0,0,0,0,0,0,0,0,0,0,0,0,0,0,0,0,0,0,0,0,71.28712871,0,0,0,0,0,0,0,0,0,0,0,0,0,0,0,0,0,0,0,0,0,0,0,0,0,0,0,0,0,0,0,0,0,0,0,6.930693069,2.97029703,0,0,0,0,0,0,0,0,0,0,0,0,0,0,0,0,17.82178218,0,0,0,0,0,0,0.99009901,0,0,0,0,0,0,0,0,FFFFFFFFFFFFFFFFFFFFTFFFFFFFFFFFFFFFFFFFFFFFFFFFFFFFFFFFTTFFFFFFFFFFFFFFFFTFFFFFFTFFFFFFFF,30.8,,0.94
